/samochody/aito/aito-m9/	/samochody/aito/
/samochody/denza/denza-z9-gt-dm/	/samochody/denza/
/samochody/icar/icar-v27/	/samochody/icar/
/samochody/byd/tang-dm/	/samochody/byd/
/samochody/changan/changan-uni-z-phev/	/samochody/changan/
/samochody/changan/changan-cs55-plus/	/samochody/changan/
/samochody/xiaomi/xiaomi-su7-ultra/	/samochody/xiaomi/
/samochody/jetour/jetour-x70/	/samochody/jetour/
/samochody/wey/latte-phev/	/samochody/wey/
/samochody/byd/song-l-dm/	/samochody/byd/
/samochody/geely/geely-icon/	/samochody/geely/
/samochody/volvo/volvo-xc40/	/samochody/volvo/
/samochody/byd/haishi-06-dm/	/samochody/byd/
/samochody/audi/audi-e5-sportback/	/samochody/audi/
/samochody/hongqi/hongqi-hs5/	/samochody/hongqi/
/samochody/byd/seal-06-dm/	/samochody/byd/
/samochody/zeekr/zeekr-007/	/samochody/zeekr/
/samochody/li-auto/li-auto-l6/	/samochody/li-auto/
/samochody/deepal/deepal-s07/	/samochody/deepal/
/samochody/hongqi/hongqi-eh7/	/samochody/hongqi/
/samochody/byd/qin-plus-dm/	/samochody/byd/
/samochody/avatr/avatr-12/	/samochody/avatr/
/samochody/geely/xingyue-l/	/samochody/geely/
/samochody/voyah/voyah-free/	/samochody/voyah/
/samochody/exeed/exeed-yaoguang-c-dm/	/samochody/exeed/
/samochody/leapmotor/leapmotor-b10/	/samochody/leapmotor/
/samochody/changan/changan-uni-v-idd/	/samochody/changan/
/samochody/byd/song-plus-dm/	/samochody/byd/
/samochody/byd/tang-l-ev/	/samochody/byd/
/samochody/exeed/exeed-lingyun/	/samochody/exeed/
/samochody/li-auto/li-auto-i8/	/samochody/li-auto/
/samochody/voyah/voyah-zhiyin/	/samochody/voyah/
/samochody/deepal/deepal-s09/	/samochody/deepal/
/samochody/xpeng/xpeng-g6/	/samochody/xpeng/
/samochody/nissan/nissan-n6/	/samochody/nissan/
/samochody/xpeng/xpeng-x9/	/samochody/xpeng/
/samochody/li-auto/li-auto-l8/	/samochody/li-auto/
/samochody/hongqi/hongqi-hs3-phev/	/samochody/hongqi/
/samochody/zeekr/zeekr-001/	/samochody/zeekr/
/samochody/nio/nio-es8/	/samochody/nio/
/samochody/hongqi/hongqi-tiangong-06/	/samochody/hongqi/
/samochody/denza/denza-z9-gt-ev/	/samochody/denza/
/samochody/byd/haishi-07-ev/	/samochody/byd/
/samochody/tank/tank-700-hi4-t/	/samochody/tank/
/samochody/deepal/deepal-g318/	/samochody/deepal/
/samochody/haval/haval-big-dog/	/samochody/haval/
/samochody/voyah/voyah-dreamer-ev/	/samochody/voyah/
/samochody/deepal/deepal-l07/	/samochody/deepal/
/samochody/xpeng/xpeng-g9/	/samochody/xpeng/
/samochody/geely/binyue/	/samochody/geely/
/samochody/zeekr/zeekr-009/	/samochody/zeekr/
/samochody/volkswagen/passat/	/samochody/volkswagen/
/samochody/xpeng/xpeng-p7-plus/	/samochody/xpeng/
/samochody/xiaomi/xiaomi-yu7/	/samochody/xiaomi/
/samochody/geely/boyue/	/samochody/geely/
/samochody/deepal/deepal-s05/	/samochody/deepal/
/samochody/hongqi/hongqi-h5-phev/	/samochody/hongqi/
/samochody/byd/yuan-up/	/samochody/byd/
/samochody/xpeng/xpeng-p5/	/samochody/xpeng/
/samochody/tank/tank-400-hi4-t/	/samochody/tank/
/samochody/voyah/voyah-dreamer-phev/	/samochody/voyah/
/samochody/wey/blue-mountain/	/samochody/wey/
/samochody/denza/denza-d9-ev/	/samochody/denza/
/samochody/volvo/volvo-v90/	/samochody/volvo/
/samochody/nio/nio-es6/	/samochody/nio/
/samochody/jetour/jetour-x70-plus/	/samochody/jetour/
/samochody/denza/denza-n8l-dm/	/samochody/denza/
/samochody/volvo/volvo-xc90-phev/	/samochody/volvo/
/samochody/icar/icar-super-v23/	/samochody/icar/
/samochody/denza/denza-n9-dm/	/samochody/denza/
/samochody/chery/tiggo-8l/	/samochody/chery/
/samochody/denza/denza-n7/	/samochody/denza/
/samochody/exeed/exlantix-et/	/samochody/exeed/
/samochody/jetour/jetour-dasheng/	/samochody/jetour/
/samochody/denza/denza-d9-dm/	/samochody/denza/
/samochody/nio/nio-et9/	/samochody/nio/
/samochody/icar/icar-03/	/samochody/icar/
/samochody/volvo/volvo-xc90/	/samochody/volvo/
/samochody/changan/changan-cs75-plus/	/samochody/changan/
/samochody/geely/niuzai/	/samochody/geely/
/samochody/wey/mocha-phev/	/samochody/wey/
/samochody/byd/haishi-05-dm/	/samochody/byd/
/samochody/leapmotor/leapmotor-c11/	/samochody/leapmotor/
/samochody/changan/changan-uni-v/	/samochody/changan/
/samochody/leapmotor/leapmotor-c16/	/samochody/leapmotor/
/samochody/byd/haishi-05-ev/	/samochody/byd/
/samochody/zeekr/zeekr-x/	/samochody/zeekr/
/samochody/aito/aito-m8/	/samochody/aito/
/samochody/volvo/volvo-em90/	/samochody/volvo/
/samochody/hongqi/hongqi-hq9/	/samochody/hongqi/
/samochody/volkswagen/tiguan-l/	/samochody/volkswagen/
/samochody/jetour/jetour-traveller/	/samochody/jetour/
/samochody/volvo/volvo-s90-phev/	/samochody/volvo/
/samochody/byd/xia/	/samochody/byd/
/samochody/byd/song-pro-dm/	/samochody/byd/
/samochody/deepal/deepal-sl03/	/samochody/deepal/
/samochody/hongqi/hongqi-h6/	/samochody/hongqi/
/samochody/hongqi/hongqi-tiangong-08/	/samochody/hongqi/
/samochody/nissan/nissan-n7/	/samochody/nissan/
/samochody/hongqi/hongqi-h5/	/samochody/hongqi/
/samochody/zeekr/zeekr-007-gt/	/samochody/zeekr/
/samochody/haval/haval-h6/	/samochody/haval/
/samochody/smart/smart-5/	/samochody/smart/
/samochody/volvo/volvo-xc60/	/samochody/volvo/
/samochody/byd/tang-l-dm/	/samochody/byd/
/samochody/tank/tank-300/	/samochody/tank/
/samochody/geely/xingrui/	/samochody/geely/
/samochody/aito/aito-m5/	/samochody/aito/
/samochody/mazda/mazda-cx-50/	/samochody/mazda/
/samochody/byd/seal-06-dm-wagon/	/samochody/byd/
/samochody/zeekr/zeekr-7x/	/samochody/zeekr/
/samochody/byd/seal-06-ev/	/samochody/byd/
/samochody/geely/boyue-l/	/samochody/geely/
/samochody/mazda/mazda-ez-6/	/samochody/mazda/
/samochody/volvo/volvo-s90/	/samochody/volvo/
/samochody/nio/nio-ec6/	/samochody/nio/
/samochody/xiaomi/xiaomi-su7/	/samochody/xiaomi/
/samochody/haval/haval-xiaolong-max/	/samochody/haval/
/samochody/leapmotor/leapmotor-c10/	/samochody/leapmotor/
/samochody/volkswagen/volkswagen-id-3/	/samochody/volkswagen/
/samochody/li-auto/li-auto-l9/	/samochody/li-auto/
/samochody/nio/nio-et5/	/samochody/nio/
/samochody/hongqi/hongqi-hs7-phev/	/samochody/hongqi/
/samochody/avatr/avatr-11/	/samochody/avatr/
/samochody/volvo/volvo-xc60-phev/	/samochody/volvo/
/samochody/li-auto/li-auto-l7/	/samochody/li-auto/
/samochody/mazda/mazda-cx-5/	/samochody/mazda/
/samochody/nio/nio-et7/	/samochody/nio/
/samochody/hongqi/hongqi-h9/	/samochody/hongqi/
/samochody/hongqi/hongqi-hs3/	/samochody/hongqi/
/samochody/byd/seal-05-dm/	/samochody/byd/
/samochody/avatr/avatr-06/	/samochody/avatr/
/samochody/jetour/jetour-x90-pro/	/samochody/jetour/
/samochody/xpeng/xpeng-g7/	/samochody/xpeng/
/samochody/changan/changan-x7-plus/	/samochody/changan/
/samochody/byd/yuan-plus/	/samochody/byd/
/samochody/denza/denza-z9-dm/	/samochody/denza/
/samochody/aito/aito-m7/	/samochody/aito/
/samochody/volkswagen/volkswagen-cc/	/samochody/volkswagen/
/samochody/xpeng/xpeng-mona-m03/	/samochody/xpeng/
/samochody/byd/han-dm/	/samochody/byd/
/samochody/nio/nio-et5t/	/samochody/nio/
/samochody/hongqi/hongqi-tiangong-05/	/samochody/hongqi/
/samochody/jetour/jetour-x70-c-dm/	/samochody/jetour/
/samochody/volvo/volvo-s60/	/samochody/volvo/
